row,baseMean,log2FoldChange,lfcSE,stat,pvalue,padj
TRINITY_DN114904_c0_g2,21.99906100430191,6.40784041679272,1.5222932384918761,4.209333822661471,2.5612473737489942e-5,0.013672583998702914
TRINITY_DN119303_c0_g1,176.1760512005119,1.7292985472651923,0.2959236736493213,5.843731682360987,5.104422250996268e-9,6.445363792529624e-6
TRINITY_DN121637_c0_g1,17.410843969176106,7.548809211390737,1.5848496579399658,4.763107449070533,1.906342649209276e-6,0.0013755100166857766
TRINITY_DN122147_c0_g1,19.47975614883492,3.091519814031454,0.7620034474015747,4.057094261940035,4.9687032062380854e-5,0.023871770990721644
TRINITY_DN128011_c0_g1,1174.517294281937,2.524610484670772,0.2142710018387972,11.782324546977737,4.8146685054064504e-32,4.863592944603696e-28
TRINITY_DN145971_c0_g2,340.5702262598248,1.0261588621647255,0.22100389119340044,4.643171016689178,3.4310212362446013e-6,0.0023264981399219137
TRINITY_DN154329_c0_g2,32.83139275581554,2.4552626291714588,0.6224614241691088,3.944441428557377,7.998619993491242e-5,0.03532690951228464
TRINITY_DN160814_c1_g1,26.05935705027901,3.0446143257392273,0.641169544411164,4.748532353537369,2.0489811358320854e-6,0.0014676777367560287
TRINITY_DN161965_c0_g1,42.25948582541988,2.1533605257085826,0.48365053413206216,4.452306725087998,8.495269620544431e-6,0.005196928424718239
TRINITY_DN165260_c1_g1,144.8055764346753,1.359585057795448,0.27441787837024045,4.954433238351608,7.254141728296003e-7,5.70624444304384e-4
TRINITY_DN165260_c1_g4,199.55906768564972,1.6937285493359893,0.31390025190771975,5.395754030276825,6.8236373472056e-8,6.946409923041755e-5
TRINITY_DN168902_c0_g1,251.48119439462366,1.8586897348976397,0.30158311681698996,6.163109375998493,7.133020077483414e-10,1.0766842868910337e-6
TRINITY_DN170644_c0_g1,11.808978409610713,6.972052494593717,1.6445917962019896,4.2393817789283235,2.2413619273355666e-5,0.012179498882467612
TRINITY_DN174419_c0_g2,8.570094372138223,6.512156802940453,1.685072161821259,3.8646159793548462,1.112641128472061e-4,0.046881223197458674
TRINITY_DN176356_c0_g1,106.81268507953456,1.3910418721458226,0.3236480366440834,4.298008066322846,1.7233989303034546e-5,0.009632550308908347
TRINITY_DN177061_c0_g1,9.08615809326653,6.601899394506858,1.6581745296382169,3.981426126444766,6.850301235750794e-5,0.031199597985434566
TRINITY_DN180111_c2_g1,485.7921550301612,1.793919273119581,0.2473918495344813,7.2513273032042465,4.1270700842300605e-13,1.02905880480603e-9
TRINITY_DN180400_c0_g1,90.0928551993589,1.8154813674952206,0.3183975976600287,5.701931738296952,1.1845726742556123e-8,1.4014348482515429e-5
TRINITY_DN185719_c0_g1,254.61088877297246,1.7948662839055025,0.22281149824979918,8.055537070592452,7.913058182204353e-16,3.026652563724052e-12
TRINITY_DN186903_c1_g1,249.11304495856365,1.1692382674412416,0.22427440384401226,5.213427156201348,1.8538334637573765e-7,1.6789466503040168e-4
TRINITY_DN188947_c1_g1,335.0018349961109,6.0278873071386405,0.3910071917788415,15.416308021638864,1.2716965531330446e-53,3.1312586822622103e-49
TRINITY_DN188947_c1_g2,61.234255018464516,6.905001012035829,1.0978833920278581,6.289375595054651,3.187454241571448e-10,5.063463852307308e-7
TRINITY_DN189215_c0_g1,55.20079051295151,1.654570296914258,0.42045602953889705,3.9351803296263372,8.313425133378121e-5,0.036512618793991584
TRINITY_DN189215_c1_g1,34.646682635194196,2.715144812292822,0.5384326525720264,5.042682310077054,4.590510419718225e-7,3.847853737198832e-4
TRINITY_DN189811_c0_g1,19.933012574780033,5.272927125270762,1.1904741546287114,4.429266359768472,9.45541852011086e-6,0.0056784833024976136
TRINITY_DN190076_c1_g1,22.25955255236209,2.941651806267527,0.7184763911825712,4.094291534653959,4.2346121733116105e-5,0.020879605952870615
TRINITY_DN193251_c1_g1,35.52442924828851,3.4107944310785783,0.6130382359478244,5.563754805285702,2.6403086650915428e-8,2.930095556691435e-5
TRINITY_DN193484_c0_g1,606.9965504460162,1.422650928423803,0.24770992317511348,5.743213312524783,9.289658038765973e-9,1.1191992507420058e-5
TRINITY_DN193573_c0_g1,63.913705104341105,4.1979985953938925,0.5154180993998573,8.144841246906074,3.797798454816044e-16,1.5113051238936295e-12
TRINITY_DN193969_c0_g1,128.8523159126231,1.2600565599484896,0.27279180192725366,4.619114471352454,3.853812146137297e-6,0.0025864725630812403
TRINITY_DN194532_c0_g2,249.82034988959623,3.273827963389937,0.290599335218947,11.265779259003908,1.9363133118626715e-29,1.7337177301848948e-25
TRINITY_DN195369_c1_g1,273.46771653848043,1.025655739671105,0.24988041574992145,4.104586334199052,4.050389908869322e-5,0.02019878176794791
TRINITY_DN195713_c0_g1,593.8701870223364,4.109392470972138,0.7072407064905119,5.810458070723717,6.230213568050351e-9,7.67023008721819e-6
TRINITY_DN195975_c0_g1,15.412046634594377,3.4732263395032468,0.8791646766299107,3.9505981437028557,7.795612215626358e-5,0.03450767163263828
TRINITY_DN196023_c0_g1,149.72438805366556,7.269208017194918,0.7933275964033407,9.162933509625617,5.0505329223999274e-20,2.926063384863886e-16
TRINITY_DN196814_c1_g1,17.482144718751,3.683156975815146,0.8677465063536403,4.244507985739002,2.190735663005885e-5,0.011970440970940186
TRINITY_DN197009_c0_g1,16.373294307409243,4.970464617175037,1.1801353958631247,4.2117748815929295,2.5337198539809147e-5,0.013562389603721237
TRINITY_DN197312_c0_g1,35.794079179176265,2.691448382490918,0.5847492260508143,4.6027395378836005,4.169695606841049e-6,0.002762108177385631
TRINITY_DN197439_c0_g2,52.479572235979575,2.242327858306268,0.45246742853407274,4.9557774038477795,7.204165619287537e-7,5.687724849441635e-4
TRINITY_DN197586_c0_g1,33.04014942668904,8.46198741311939,1.5134035380980053,5.5913622507808665,2.252949907532391e-8,2.5578642778708455e-5
TRINITY_DN198054_c0_g1,177.52398758654516,1.5596356538209608,0.28929109435014594,5.391232859499098,6.997592674635617e-8,7.105135574426473e-5
TRINITY_DN198455_c2_g1,15.030767653690134,7.33623627192062,1.6405671624285438,4.4717683249619204,7.757544378755704e-6,0.0048128904820279265
TRINITY_DN198709_c1_g1,130.95848459419105,1.0719547871858879,0.26285482773960667,4.078124782428589,4.5400399352511535e-5,0.022054349605565356
TRINITY_DN198917_c0_g1,98.34511146356236,1.490572970242976,0.3400116439792803,4.383888012769965,1.1657971906033988e-5,0.006804162349654619
TRINITY_DN199004_c0_g1,43.111680783578805,1.9444998963096987,0.44580334936445964,4.36178844120797,1.2900358002993582e-5,0.007441088931088376
TRINITY_DN199043_c2_g1,18.352498470732534,3.4647599948102688,0.8042620699602029,4.307998753418416,1.6473831348482317e-5,0.009271542885060198
TRINITY_DN199108_c0_g1,926.5802998227971,2.724892691626105,0.22302343616391,12.217965692284727,2.492437834160844e-34,2.9755402619985112e-30
TRINITY_DN199263_c0_g1,767.6582257754842,1.1456577703331363,0.22279178336888192,5.142280173036014,2.714239403091456e-7,2.3449778464037705e-4
TRINITY_DN199263_c0_g2,1020.7246311129613,1.4857344690562768,0.173660124008786,8.555415225783836,1.1744521120529167e-17,5.31828364851383e-14
TRINITY_DN200001_c1_g1,260.3754842002834,1.0020636580443658,0.21844771267286273,4.587201421261894,4.492272269349099e-6,0.0029447405325284176
TRINITY_DN200058_c1_g1,137.57792192399856,1.2414117303570789,0.27672594312041515,4.486069200302222,7.254918692623816e-6,0.004515275723384134
TRINITY_DN200128_c0_g1,157.4743841690483,1.4499978195336076,0.26189466199993944,5.536568819161129,3.084546712971608e-8,3.3849506314273914e-5
TRINITY_DN200128_c0_g2,331.2782594344991,1.5689809605067973,0.1947485473630397,8.056444999212179,7.854531249482779e-16,3.026652563724052e-12
TRINITY_DN200128_c2_g1,700.1845413629429,1.5380424387941913,0.196577604819011,7.824097969909986,5.113097777648526e-15,1.6647697022940052e-11
TRINITY_DN200159_c0_g1,769.2512345136329,2.559361683426586,0.5658801038850868,4.52279849716419,6.102733310420012e-6,0.0039221062368238165
TRINITY_DN200318_c0_g1,1664.6901350042788,3.215850091461641,0.22919691664305614,14.03094831537329,1.0079467361440754e-44,1.726494434832732e-40
TRINITY_DN200349_c3_g1,47.5649513512758,2.45769999321247,0.4688462780704574,5.242016644191278,1.5883103898999708e-7,1.4551988979910748e-4
TRINITY_DN200389_c1_g1,68.49907104255836,3.8058750294227957,0.4820149980448338,7.8957605984467705,2.8855008619887273e-15,9.885048487753608e-12
TRINITY_DN200585_c0_g1,309.5180204950394,1.6935871969377927,0.2755672268080644,6.145822261068058,7.955032401040417e-10,1.191630581677219e-6
TRINITY_DN200597_c0_g1,182.97575776851903,1.0768499205007347,0.2612517080375015,4.12188662263658,3.7578214661914815e-5,0.01895573134808188
TRINITY_DN200629_c1_g1,50.26062271034894,2.234041186044604,0.5014175076378145,4.4554511001604356,8.371697686723353e-6,0.005137288373449521
TRINITY_DN200811_c0_g1,49.714514142932266,2.3128101534792753,0.5253315259896244,4.402572545255841,1.0697480254346673e-5,0.006318457891219158
TRINITY_DN200891_c1_g1,61.457956994952575,1.6346411227035658,0.3724987046058825,4.3883135766420365,1.142329922489947e-5,0.006687009260830714
TRINITY_DN200946_c0_g1,122.03215556209297,1.3292967633301267,0.3233845554225493,4.11057591044571,3.946735003319892e-5,0.019756894054801966
TRINITY_DN201304_c1_g3,47.66982857370841,4.482282810193348,0.7620304659065803,5.882025733526046,4.052753097422263e-9,5.243088748542671e-6
TRINITY_DN201654_c0_g1,95.2795076053334,3.2065432951604316,0.4486411735420275,7.14723365634218,8.854409257995634e-13,2.07637478244508e-9
TRINITY_DN201660_c0_g1,78.31548995585992,2.91704228790397,0.42266143133707945,6.901605094829627,5.141820995044822e-12,1.0717921823655255e-8
TRINITY_DN201722_c0_g1,29.641772476167436,3.4255199040790716,0.6580653296776681,5.205440477705992,1.9353697691562283e-7,1.7368202286243626e-4
TRINITY_DN201722_c0_g2,25.629439505741317,4.230246783565607,0.8442851799288031,5.01044775406615,5.430353995048154e-7,4.4477308751583283e-4
TRINITY_DN201821_c1_g1,20.13296826236949,4.2327781204500905,1.0083757668572897,4.197619835353634,2.6973493339914284e-5,0.014360213995503582
TRINITY_DN201821_c2_g1,20.66077783164077,3.9258663066361073,0.9849730487725266,3.9857601297096625,6.726443910428445e-5,0.03067094933199215
TRINITY_DN201899_c1_g1,202.72809738003176,1.5792503320872695,0.2526451796508451,6.250862708996818,4.0819158427192306e-10,6.406867773486837e-7
TRINITY_DN201940_c3_g1,256.62382373607403,1.0730342496360405,0.2457021832829455,4.367214956329292,1.258408652363734e-5,0.007276137190551544
TRINITY_DN202045_c0_g1,95.88883111349021,1.649851374080468,0.3470920412128649,4.7533540910799665,2.0006950374952227e-6,0.0014357009454585255
TRINITY_DN202045_c1_g2,86.99829443686808,1.685669789862065,0.38126958790731663,4.421201803989247,9.815345022923688e-6,0.0058500495783148036
TRINITY_DN202124_c0_g1,425.8887065127165,4.168454702008622,0.9992507202435778,4.171580382741698,3.024943086433695e-5,0.015826237093767303
TRINITY_DN202472_c14_g1,236.91031613644978,2.2958398774928015,0.27490419126913407,8.351418241001463,6.744812630784898e-17,2.8572114177009794e-13
TRINITY_DN202485_c3_g1,150.675057682929,2.9293832150918866,0.4096070003872417,7.1516922619058105,8.571455884181297e-13,2.022057769161507e-9
TRINITY_DN202532_c0_g1,140.65822164332585,2.2873190118761424,0.3168487524528036,7.21896171018332,5.238600165375801e-13,1.2739596524394734e-9
TRINITY_DN202576_c15_g2,119.14169272309287,2.3183187987946616,0.3445743378616793,6.728065743901371,1.719332410706171e-11,3.256506512110746e-8
TRINITY_DN202594_c0_g1,191.25715269333844,3.263333589863794,0.6204157529078823,5.259914137525656,1.4412268356346796e-7,1.3298373232084574e-4
TRINITY_DN202594_c0_g2,38.30334184577514,5.182923705753517,0.8395935647761976,6.173134148705723,6.694935952835205e-10,1.0144450203026216e-6
TRINITY_DN202673_c1_g2,170.91774528306925,1.1717607785122075,0.26338328000138467,4.44888065220407,8.631896128905067e-6,0.005256024257545329
TRINITY_DN202776_c1_g1,1223.6049515798247,1.9933740138759917,0.2116451098337434,9.418474234731315,4.576902143989515e-21,2.817390780238345e-17
TRINITY_DN202793_c0_g1,84.04775612806068,2.038091578973941,0.34464411705819087,5.913611978555324,3.3468580567044643e-9,4.484823947596806e-6
TRINITY_DN202820_c0_g1,354.17616058928826,1.0052592955360071,0.22129755668252832,4.5425684341293655,5.5572947168023825e-6,0.0035891286860911756
TRINITY_DN202863_c16_g1,44.909433824800495,2.4682201205076018,0.5212791252795159,4.734929907626962,2.191308159520461e-6,0.001558293026081515
TRINITY_DN202928_c2_g1,1273.844728425424,1.3118663690526444,0.1832503120210073,7.158876591174676,8.134086827788602e-13,1.953981249351269e-9
TRINITY_DN203301_c0_g1,284.8677724992219,1.0088321809269698,0.2048504421860033,4.924725424858759,8.447889095806496e-7,6.525795552649441e-4
TRINITY_DN203338_c0_g1,20.248107972747082,7.752034764868295,1.5620543744195994,4.962717618423916,6.9513611340833e-7,5.510219489872956e-4
TRINITY_DN203358_c4_g2,382.3069637931538,2.7020445998910545,0.2501122657653543,10.803327024457126,3.319528388624678e-27,2.7245236720161337e-23
TRINITY_DN203437_c0_g1,311.0768237273077,1.072763695253681,0.2344045216718288,4.5765486416493815,4.727098358347357e-6,0.003083281209519205
TRINITY_DN203444_c5_g1,417.9701345997075,1.7270857849236494,0.19733683942491934,8.751968410747518,2.0966309737617725e-18,1.0324937853951366e-14
TRINITY_DN203631_c5_g1,63.694742078365536,1.6696050062422154,0.3988299954654791,4.18625736585735,2.8359177828042206e-5,0.015036967395247633
TRINITY_DN203645_c14_g1,1814.7745126203235,1.0852243023930943,0.1639824019449234,6.6179314946099375,3.6425974570966684e-11,6.435195614305717e-8
TRINITY_DN203645_c16_g1,60.04779097379803,1.5487472547463328,0.3860333104349923,4.011952370123615,6.021865154038025e-5,0.02804245935792296
TRINITY_DN203813_c18_g1,31.575354004566915,3.502169754774281,0.6871072568406491,5.096976810982057,3.4512058494159916e-7,2.936603477437305e-4
TRINITY_DN203899_c0_g1,270.4592013987345,2.01839238775214,0.25629558077409,7.8752524005914815,3.4005566803020367e-15,1.1257928667578415e-11
TRINITY_DN203967_c2_g1,201.0628949833529,1.7960331970405476,0.2651974520169139,6.772437605946528,1.2663042286854082e-11,2.4335464041248266e-8
TRINITY_DN203980_c10_g1,139.06779025384128,1.2465234600415853,0.2733708494179464,4.5598258288901254,5.119606473796036e-6,0.0033227932870446585
TRINITY_DN204005_c0_g2,217.44736965139305,2.3175830253931107,0.2377911601000793,9.74629597003399,1.9132188507707173e-22,1.342005305985585e-18
TRINITY_DN204072_c2_g2,214.2984093503373,1.4381666994549054,0.3019060747205633,4.76362292738242,1.9014768283015987e-6,0.0013745165425838215
TRINITY_DN204138_c0_g1,195.77825860593617,1.20058200178882,0.2409196402667409,4.983329713009542,6.249931785846032e-7,5.024983420708694e-4
TRINITY_DN204156_c15_g1,89.54261414689822,1.4201761411510605,0.3132132700349494,4.5342144698805145,5.781825741118513e-6,0.0037280285015520013
TRINITY_DN204243_c3_g1,26.251257182160717,2.5701782574821426,0.6268425112481053,4.100197755197975,4.127972422022425e-5,0.020481969764448625
TRINITY_DN204243_c8_g1,118.8105639325387,2.566576642797655,0.36376174300816305,7.055653025997457,1.7179200802074736e-12,3.823711573778401e-9
TRINITY_DN204259_c1_g1,1162.7661319578729,1.265488809080437,0.2068031058845613,6.119293052527172,9.399140925978206e-10,1.3920728408350196e-6
TRINITY_DN204346_c3_g1,49.487343525123094,2.8197445557105,0.5604882891710677,5.0308714922139615,4.882553415646724e-7,4.0581126398490095e-4
TRINITY_DN204356_c14_g2,4561.267766833183,3.234121896513615,0.22292148218925506,14.507896972297726,1.0798063338901342e-47,1.9336533759925405e-43
TRINITY_DN204356_c1_g1,94.0424113360967,3.0112815189444393,0.3991388944649379,7.544445206176126,4.542169546209443e-14,1.2601737612206415e-10
TRINITY_DN204359_c3_g1,126.25921997685515,1.2548634737437498,0.2699174606650524,4.649063719893774,3.334451970490026e-6,0.002268826773143631
TRINITY_DN204374_c5_g2,98.00852362855856,1.235376421564736,0.3072579050422413,4.02064975804251,5.803783964158613e-5,0.027219954069902616
TRINITY_DN204380_c11_g1,218.40832251535596,1.1118839462889514,0.27114671116859984,4.100672811028781,4.119506689373549e-5,0.020465740401836966
TRINITY_DN204395_c0_g1,104.08933032878632,1.4631585786198087,0.3004236249125564,4.870317968654052,1.114188047198457e-6,8.313425485576624e-4
TRINITY_DN204419_c7_g1,105.43916446581855,1.8554923070475202,0.33757074103651685,5.496602879000113,3.871772566012697e-8,4.1336995539947434e-5
TRINITY_DN204424_c3_g1,838.5832860024161,1.3354699891884534,0.2688029225403978,4.9682123117085855,6.757295646632564e-7,5.367186421036905e-4
TRINITY_DN204557_c7_g1,2617.6664402333,3.674273106756729,0.5937930853226129,6.187800426743712,6.100949899524695e-10,9.280110136163889e-7
TRINITY_DN204583_c12_g7,725.4785876418325,2.66042763159928,0.2396685373083056,11.100445896980421,1.2481959452231578e-28,1.0927622648176688e-24
TRINITY_DN204596_c11_g8,192.715856381303,1.3036490984725344,0.24327426773389185,5.358762809630753,8.379377787643763e-8,8.294383948124371e-5
TRINITY_DN204610_c10_g2,77.59383540298742,1.283920619632369,0.32771886149973234,3.9177501525447522,8.937927413463383e-5,0.03885530429493819
TRINITY_DN204715_c10_g1,173.74402385583315,1.135317846874901,0.28377801163662614,4.0007252159080595,6.314865333943142e-5,0.029063356209769187
TRINITY_DN204751_c1_g1,258.7144130170128,1.8596935310541491,0.2539085008378953,7.3242665169428385,2.40208880431409e-13,6.185190271986875e-10
TRINITY_DN204764_c1_g1,114.99786235536389,2.829400712842157,0.35918347057589245,7.877313252488127,3.3449557629156766e-15,1.1257928667578415e-11
TRINITY_DN204778_c10_g1,55.981825101832435,1.8911961940206787,0.4647512814744874,4.069265151933736,4.716165086989884e-5,0.02276954100693377
TRINITY_DN204787_c3_g1,56.73448719761691,2.230656066867661,0.4310887384514293,5.174470747903772,2.2855791301825962e-7,2.0009635796980582e-4
TRINITY_DN204858_c3_g1,812.510899938113,1.5935420306634547,0.23644614378914255,6.73955601527822,1.5887133925518108e-11,3.0383218168441215e-8
TRINITY_DN204893_c0_g2,190.4613610337916,1.1248188818572564,0.23944689529923352,4.6975713777853985,2.632731930348552e-6,0.0018325070132083157
TRINITY_DN205005_c13_g1,133.88211098087024,1.1628138295503652,0.2877122839350477,4.0415856203514595,5.309098925299078e-5,0.02529127617784281
TRINITY_DN205038_c16_g1,48.848183249977254,2.9448909742479175,0.49668748940247226,5.9290621106456625,3.0466983769685763e-9,4.110569974950929e-6
TRINITY_DN205072_c5_g1,46.842933404431086,2.4649229707089413,0.610898400850601,4.034914753872066,5.4622125003456614e-5,0.025926621967152744
TRINITY_DN205118_c5_g1,1218.3077761031377,1.3725917795326084,0.1642709597074535,8.355656909638968,6.506957706609069e-17,2.7864136727922046e-13
TRINITY_DN205140_c14_g2,16.773269653308468,7.480149831946757,1.6276489195184214,4.595677693295147,4.3134501704351655e-6,0.0028417053001591123
TRINITY_DN205149_c0_g1,917.8812539843004,1.913696779548705,0.22242400245257257,8.603823141599847,7.710376089128064e-18,3.616193922858523e-14
TRINITY_DN205168_c12_g2,824.9773676343411,3.062548460576292,0.20712715360647588,14.785837623177478,1.8079404536446556e-49,3.74874549968005e-45
TRINITY_DN205168_c9_g1,2120.2702727721257,3.228262890453886,0.16081332220563543,20.074598585345047,1.2307284541787763e-89,6.060768424920416e-85
TRINITY_DN205249_c4_g1,7771.049134861019,1.310285163844936,0.2632364037921639,4.977598633658059,6.437797809197841e-7,5.144531720699815e-4
TRINITY_DN205316_c1_g1,95.83363586188763,1.7069340742912436,0.3487162011084639,4.894909008716582,9.835122373679856e-7,7.455437357047209e-4
TRINITY_DN205433_c16_g1,723.1169847420643,1.3183547569325453,0.23449510554625752,5.622099249625835,1.886508223824907e-8,2.16680594572225e-5
TRINITY_DN205438_c11_g1,832.2260829737725,1.0477451899938137,0.2224527868758709,4.709966571821182,2.477574237193457e-6,0.0017339465500368699
TRINITY_DN205465_c11_g1,430.49342385391526,1.103676000588049,0.21329002898160243,5.17453162652647,2.284834077355951e-7,2.0009635796980582e-4
TRINITY_DN205487_c0_g1,72.83137557005388,3.412053876191246,0.43836417305704245,7.783605700247885,7.048620959626238e-15,2.2215166872937853e-11
TRINITY_DN205487_c1_g1,83.77249013167948,2.11870070937639,0.37892136229269047,5.591399483410072,2.252466768290013e-8,2.5578642778708455e-5
TRINITY_DN205521_c1_g1,200.63090828793156,1.4199823439340609,0.26709190233331137,5.316455989601757,1.0580779911630877e-7,1.0142179553104222e-4
TRINITY_DN205539_c6_g1,537.449232119855,1.3198842980149166,0.24787114620134462,5.324880762615187,1.010192832779676e-7,9.706795097082427e-5
TRINITY_DN205563_c1_g1,243.44237522057415,1.9674063741156098,0.3075628183342652,6.396762732149875,1.5870564415097706e-10,2.6381498601962603e-7
TRINITY_DN205581_c7_g1,252.2255555930734,1.3529082526708043,0.23641792688895732,5.722528196037558,1.049504196056618e-8,1.256735020033597e-5
TRINITY_DN205593_c5_g1,124.80748447835552,1.3684927104034956,0.3430478276046593,3.9892184129514328,6.629136175092456e-5,0.030367841569162203
TRINITY_DN205724_c0_g1,886.9944908796812,1.0840744728983625,0.16329584402899766,6.638714410305845,3.1643080806204825e-11,5.718441763144436e-8
TRINITY_DN205738_c0_g1,148.65984087539212,1.2480043945190311,0.258284639488646,4.831895528088082,1.3523922055195952e-6,9.9587381394975e-4
TRINITY_DN205768_c5_g2,50.45283385910953,2.301756430457645,0.4908878095485355,4.688966370084739,2.745885061047053e-6,0.001904537176593803
TRINITY_DN205768_c9_g4,213.2119051146231,1.898967020195378,0.26755243922631694,7.097550766820265,1.2698716679847441e-12,2.8587568681958497e-9
TRINITY_DN205782_c1_g1,935.471346173345,3.1457186995616424,0.49956927281109137,6.29686185833766,3.0373172963637094e-10,4.844496494037797e-7
TRINITY_DN205888_c7_g1,3488.4854255287155,2.0117539931162955,0.16896095346549558,11.906620741975907,1.093184215323314e-32,1.1639841433011318e-28
TRINITY_DN205917_c0_g1,483.8972018973726,1.0304752920390579,0.1950907921967878,5.282029358923403,1.2776071799827161e-7,1.1955580936995981e-4
TRINITY_DN205936_c1_g1,147.9722282436482,1.792395737063648,0.27078741098657144,6.619198915242535,3.61150613690771e-11,6.409008073038613e-8
TRINITY_DN205936_c2_g1,132.15410872049563,2.0916988697662515,0.2805052340294246,7.456897825823939,8.85833430316008e-14,2.390312299367024e-10
TRINITY_DN205997_c4_g2,268.79885852858473,1.9187742111736563,0.3002994947114233,6.389535263845606,1.6639066445795076e-10,2.7542758546994817e-7
TRINITY_DN205997_c5_g1,509.6337984091768,1.0784540004269894,0.19341573586533842,5.575833815185751,2.4634701809676944e-8,2.7729031511559307e-5
TRINITY_DN206030_c8_g1,163.85287378869762,2.641189607806198,0.3026477330657058,8.726943304851345,2.6164816521306612e-18,1.2570694647784778e-14
TRINITY_DN206030_c9_g2,139.46520684247628,1.3422481305108727,0.30096621641750637,4.459796672490573,8.203744352430346e-6,0.0050499558379945575
TRINITY_DN206123_c3_g2,92.2650060994591,2.168349581556627,0.3425283027921214,6.330424563112926,2.4448752817690314e-10,3.947501641932676e-7
TRINITY_DN206161_c2_g2,5589.956624823444,1.057704963911341,0.2240356896409903,4.721144946174771,2.345207317336176e-6,0.0016483293745564902
TRINITY_DN206183_c4_g1,476.9135418846267,3.4925228682467786,0.26273838215641215,13.292777551502265,2.549360516595051e-40,3.862898912305138e-36
TRINITY_DN206206_c9_g5,89.03065239759347,3.4673338480872946,0.3908202294031996,8.871940568127888,7.188214291790387e-19,3.82687900950894e-15
TRINITY_DN206323_c1_g1,253.49251407788722,1.4880821929030335,0.25333693633658494,5.873925114993728,4.255956831506997e-9,5.461529385052089e-6
TRINITY_DN206346_c1_g2,210.81452610238998,1.9653008818400743,0.3369281732256351,5.8329965791371965,5.444068467887762e-9,6.8087668121094166e-6
TRINITY_DN206394_c1_g1,507.5131278806253,1.5170783858483874,0.19691294111443186,7.704310225942788,1.3155191501362895e-14,4.01756489104762e-11
TRINITY_DN206399_c10_g2,72.0150124809543,2.0591096308279386,0.379314404758564,5.42850365025967,5.682848385127244e-8,5.907208438917901e-5
TRINITY_DN206425_c4_g1,1094.9828940213704,1.282481847789842,0.19812114604485095,6.473220417872567,9.593584369071778e-11,1.6432683820837498e-7
TRINITY_DN206486_c2_g1,1429.0163573834868,4.203699198150915,0.7546819617779269,5.57015989655772,2.545056592936006e-8,2.8403913045973025e-5
TRINITY_DN206516_c8_g1,399.35149373151694,1.8633731578304191,0.22174290376464345,8.403304575681899,4.340869097186013e-17,1.9215076540839248e-13
TRINITY_DN206516_c8_g4,40.636692051047476,2.0625471306734617,0.496284924562216,4.155973773519074,3.239049813903656e-5,0.016702431699410023
TRINITY_DN206523_c12_g2,5693.046022502283,1.7007538460193985,0.23446505647746613,7.253762550253853,4.053504901098122e-13,1.0171534721982925e-9
TRINITY_DN206555_c7_g1,2720.514672495249,1.072028543032308,0.14408504856084386,7.440248337631052,1.0049619656314019e-13,2.6933185773200275e-10
TRINITY_DN206561_c3_g3,2896.620587490326,2.9612763205441666,0.4458751678312006,6.641491911173771,3.1052379682465845e-11,5.6375523764254804e-8
TRINITY_DN206617_c4_g2,75.67976936018223,1.3443051283888996,0.3343283017576109,4.020913339737313,5.7972930712567474e-5,0.027219954069902616
TRINITY_DN206619_c9_g1,47.65497619750787,3.0296059286809354,0.49265592896508525,6.149537132426645,7.770939236730899e-10,1.1684971505802347e-6
TRINITY_DN206652_c4_g1,142.24257173493262,1.6063573294919997,0.35727082758058193,4.496189460444229,6.918209694425385e-6,0.004326220072769695
TRINITY_DN206659_c5_g1,155.79120476151436,1.4138638408659105,0.27181105987707443,5.201642057925551,1.9753539639084208e-7,1.7686735765528482e-4
TRINITY_DN206689_c14_g2,82.61124238621198,3.0681799426531,0.4068171721484113,7.541913549150268,4.631247453967148e-14,1.2759021962987829e-10
TRINITY_DN206693_c6_g2,29.470708839326484,2.357687328261353,0.5653654135203331,4.170200850421424,3.043313027445862e-5,0.015901229843921144
TRINITY_DN206693_c7_g2,2399.869716969965,1.1359319047779637,0.22631297103242382,5.019296506054967,5.186104976294284e-7,4.265414352350366e-4
TRINITY_DN206706_c8_g1,402.1587362059201,1.0563123369038931,0.21166911886523002,4.990394170707766,6.025620630999103e-7,4.884509425206378e-4
TRINITY_DN206718_c3_g2,161.32938237072173,1.34996801780112,0.317532127566216,4.25143757309914,2.1240271806711405e-5,0.01163822142112301
TRINITY_DN206729_c4_g1,171.1010952217981,1.1135963936232418,0.2573305754220025,4.3274935044039315,1.5081579157422568e-5,0.008596812864868242
TRINITY_DN206756_c16_g2,394.26497630755955,2.576625232205565,0.21181960287287852,12.164243522597394,4.818887775976595e-34,5.583716132020787e-30
TRINITY_DN206765_c14_g3,109.37150964224082,1.2415428827108637,0.2914969159181692,4.259197318778485,2.051623052915987e-5,0.011320218106385728
TRINITY_DN206800_c12_g1,140.0252259871919,1.6173774952569275,0.3169647963267982,5.102703877528952,3.3483471536937343e-7,2.861442277029598e-4
TRINITY_DN206836_c3_g2,105.9790462944054,2.909852601248599,0.3641886410012479,7.989959800087856,1.3498276190787013e-15,4.969926526122452e-12
TRINITY_DN206854_c5_g1,30.56792572733165,2.2414834395312506,0.5371112561563406,4.173220005798588,3.00324681045665e-5,0.01575456888399378
TRINITY_DN206856_c1_g1,155.70051663072567,3.25692954496178,0.32599787607334507,9.990646516448516,1.674857668219572e-23,1.2219110213792356e-19
TRINITY_DN206856_c3_g1,161.46914450711526,3.8977937120379647,0.32200971388038213,12.104584253274698,9.98741039787232e-34,1.1241914750219923e-29
TRINITY_DN206856_c4_g1,4063.9546757841804,3.741306070547367,0.1526026948580955,24.51664483400106,9.816650180120733e-133,1.933698477455452e-127
TRINITY_DN206875_c0_g1,351.67691012527195,2.6702090471761384,0.20607694287610667,12.957340156105996,2.1352373017891428e-38,3.1155721967583558e-34
TRINITY_DN206904_c1_g1,174.52134403829672,1.7632211412076473,0.291088847119428,6.057329776307893,1.3839967221985988e-9,1.9683880890524423e-6
TRINITY_DN206937_c4_g4,393.6660600141775,1.4601435657962325,0.26543952157168016,5.500852160788463,3.779600308046265e-8,4.057282496345588e-5
TRINITY_DN206974_c8_g1,56.16284454578727,3.062593612827474,0.49348994440430866,6.205989904261026,5.435366769064021e-10,8.299741854421583e-7
TRINITY_DN207071_c1_g2,714.9051567964799,1.5841659571592235,0.20722840488242966,7.644540612364384,2.0969261928025263e-14,6.119343212556012e-11
TRINITY_DN207095_c1_g1,45.78136635239296,1.90129158555099,0.43495696033510367,4.371217750110675,1.2355549534748032e-5,0.007179394338286045
TRINITY_DN207095_c4_g1,158.03532262372954,1.5271912948575346,0.2585588298992146,5.906552467973455,3.493410702573492e-9,4.633921079521753e-6
TRINITY_DN207095_c4_g2,472.2649732474082,1.4317511890212573,0.21347146209691162,6.706991065490861,1.9867842222518448e-11,3.6920729837311484e-8
TRINITY_DN207132_c8_g1,195.87123691124313,1.7683700612184268,0.2998943662878374,5.896643151746146,3.709709307135773e-9,4.887920427314818e-6
TRINITY_DN207132_c9_g1,180.21650602640963,1.4938946202058256,0.2954209469741731,5.0568337672292,4.262744990569778e-7,3.5807330591041396e-4
TRINITY_DN207140_c4_g1,59.071853557893185,1.9416882116508551,0.3958820873932742,4.904713482835504,9.356381176458233e-7,7.157413587225272e-4
TRINITY_DN207153_c1_g1,1988.186163481733,3.559168825848522,0.15246506475088406,23.344159736946455,1.5798807536239127e-120,2.0747152044664583e-115
TRINITY_DN207213_c4_g1,425.61078230159256,1.9611642206685138,0.2670854085588628,7.342835504382464,2.0911548061909135e-13,5.419984348101256e-10
TRINITY_DN207213_c5_g1,489.67909194998083,1.4809879080406514,0.24358644854823752,6.079927339419996,1.2023702085473486e-9,1.7287933374815295e-6
TRINITY_DN207271_c7_g1,780.3834207028008,1.499373363097077,0.23681050736117418,6.33153224409207,2.4273842824547296e-10,3.9353892760029324e-7
TRINITY_DN207289_c4_g1,96.68795396883769,1.2972503474990642,0.30027804682102155,4.320163798961569,1.5591342733547133e-5,0.008826054256892148
TRINITY_DN207346_c0_g1,1779.9773098125215,1.7537460147755994,0.18147316150853993,9.663941489734118,4.290320818260934e-22,2.7708650172533315e-18
TRINITY_DN207359_c10_g1,926.1545422450874,1.8865606578339467,0.44332982323429543,4.255433672543428,2.0864421093491062e-5,0.011480181462646675
TRINITY_DN207379_c3_g6,17.02484822295821,7.5062310000299055,1.5616356199788868,4.806646892526305,1.5348272319089463e-6,0.0011197502606750819
TRINITY_DN207413_c8_g1,1041.8613044569845,2.9950839889340615,0.1956655592247323,15.307159833346287,6.849006138875016e-53,1.5872088267585988e-48
TRINITY_DN207425_c5_g1,107.24434402944618,1.6996330418027426,0.30223322801041086,5.623581010570407,1.870389882508259e-8,2.1545742961479568e-5
TRINITY_DN207460_c5_g1,18.294068635589344,4.076656478015393,1.0535727398730734,3.869364044580841,1.0911960867320423e-4,0.04617341750415615
TRINITY_DN207480_c0_g1,248.5334578741145,1.6008895040634923,0.25478762286373563,6.283231053651585,3.3160764560979994e-10,5.246632244472836e-7
TRINITY_DN207549_c5_g7,151.75941982830724,1.3663372567935514,0.27617468316052285,4.947366069754432,7.522442719534863e-7,5.903514145649628e-4
TRINITY_DN207553_c0_g1,1865.8796924450664,1.3820035279859368,0.18004160564342658,7.676023122805307,1.641035179315177e-14,4.8977813814283716e-11
TRINITY_DN207560_c13_g3,99.88081320451268,1.8643825719725715,0.4175453601705313,4.465101878299239,8.003066041245026e-6,0.004934134439447596
TRINITY_DN207585_c0_g1,536.0272090125209,1.055336884910909,0.24388340754665633,4.327218876950524,1.510038887532287e-5,0.008596812864868242
TRINITY_DN207594_c0_g1,1361.3060497663637,1.0094274799080616,0.22907759304714498,4.406487192749218,1.05060517189085e-5,0.006214708188192717
TRINITY_DN207614_c0_g1,859.8658775968631,1.2102114575112326,0.15998561620645382,7.564501648382642,3.893544010097495e-14,1.0878810488298153e-10
TRINITY_DN207627_c4_g3,35.22043464607613,2.3416808611643476,0.5900771606624907,3.968431617545235,7.234721097593348e-5,0.03253667154989918
TRINITY_DN207636_c11_g1,77.4285907369022,2.808200188082112,0.37931411086163236,7.403363354195114,1.32777784331571e-13,3.510706996551591e-10
TRINITY_DN207644_c13_g2,407.9089819965406,1.6584931599592607,0.23138290460300803,7.16774284947627,7.624434163864404e-13,1.842788316870253e-9
TRINITY_DN207662_c2_g1,8168.692959594387,1.4491924405464045,0.2583220177303798,5.610022921309711,2.022998189925254e-8,2.316821034585822e-5
TRINITY_DN207662_c2_g2,40.19546285650146,2.0482253351685036,0.5274294483540788,3.8834110259870624,1.0300123326148355e-4,0.04394740865376925
TRINITY_DN207662_c3_g1,47.33295269477335,3.5198412990459107,0.5811648747545465,6.056527935437438,1.3909099507054681e-9,1.9711045212581954e-6
TRINITY_DN207675_c3_g1,62.28542201065765,1.4455051490363198,0.37570985768904824,3.847397451659825,1.1937921949453875e-4,0.049926746761918224
TRINITY_DN207675_c3_g2,90.14036318158132,1.5904206465147979,0.36567104738129125,4.349320674700396,1.365598999722929e-5,0.007853948594567069
TRINITY_DN207679_c7_g1,53.100502946477896,3.503140847502191,0.5072965847818974,6.905508439423656,5.002393441158177e-12,1.0482754932228717e-8
TRINITY_DN207679_c7_g2,3911.734627519961,4.582426709907743,0.18384623126603147,24.925323072175587,3.9551313365294464e-137,1.5581754067331504e-131
TRINITY_DN207716_c1_g2,26.865310557214812,2.388054137140963,0.580797614106393,4.111680349815468,3.927898709749463e-5,0.01968761780393165
TRINITY_DN207716_c2_g1,24.718569667648815,3.129122482789285,0.6644170587928265,4.709575772293626,2.4823291888344705e-6,0.0017339465500368699
TRINITY_DN207716_c2_g2,1666.8068853565858,2.6300694265939804,0.20416766813286932,12.881909514107639,5.690988197223832e-38,7.731168217734113e-34
TRINITY_DN207764_c0_g1,45.49665880929914,2.3046788828427935,0.4707635826600736,4.8956184542145085,9.799704036810914e-7,7.453128960336173e-4
TRINITY_DN207764_c0_g2,61.507615749124504,2.7697144635188167,0.4143225520524355,6.68492325556126,2.3104569176008923e-11,4.253432423499067e-8
TRINITY_DN207764_c1_g1,3077.103738150478,1.8929486555051886,0.14952441450271262,12.659796474045699,9.875504221148042e-37,1.296861089825382e-32
TRINITY_DN207770_c3_g1,183.81222558599035,2.225157873959149,0.38128860874577747,5.835888675716413,5.350461267107034e-9,6.7344529462405386e-6
TRINITY_DN207770_c4_g2,74.91261993174346,1.9733772618265675,0.35909393747398644,5.495434636708461,3.8974928582917665e-8,4.149913456570809e-5
TRINITY_DN207785_c3_g1,70.38283621435578,3.323345981298384,0.43163818652575103,7.699378982309104,1.3672909242329125e-14,4.1119239265921444e-11
TRINITY_DN207795_c7_g1,33.25188973531276,2.1442258949871977,0.5435318977871721,3.944986308470162,7.98045383048633e-5,0.035286234931760786
TRINITY_DN207836_c4_g1,3472.231860987275,3.457833868916256,0.869613247464459,3.976289320566701,6.999895614311442e-5,0.03169769972299975
TRINITY_DN207862_c0_g2,3119.5077438653475,3.1511688094799353,0.15726088371640834,20.0378424374271,2.5769829013279537e-89,1.128039905284294e-84
TRINITY_DN207884_c5_g1,81.66203437047612,2.1873720064282436,0.4443097633139364,4.923078867575345,8.51930976876286e-7,6.568087738612764e-4
TRINITY_DN207888_c3_g1,78.54274793931157,2.4521756247057973,0.4437587630779726,5.5259204521329695,3.277626237123215e-8,3.586842959043815e-5
TRINITY_DN207957_c11_g1,399.22453969955575,3.3968200785416527,0.2318482670212292,14.65104795556062,1.3265379736366898e-48,2.6130343985391566e-44
TRINITY_DN207987_c15_g1,78.95777557211099,2.22393665882547,0.38878912201357746,5.720161735255043,1.064227008920691e-8,1.2628495937211511e-5
TRINITY_DN208024_c13_g1,164.87863961535635,1.1293659008838572,0.2605921216809949,4.333845143125148,1.465272645873471e-5,0.008378275869176345
TRINITY_DN208025_c2_g1,60.02712386573018,1.7178212086006928,0.42475028739408766,4.044308525698255,5.247777592572741e-5,0.02502942135233335
TRINITY_DN208025_c5_g3,109.79358275271917,1.2566402663468297,0.29427072646646285,4.270354314329139,1.9516267133216996e-5,0.010798717905342089
TRINITY_DN208066_c11_g2,3521.735895389338,1.0357828584426976,0.19787583081282042,5.234509208062357,1.6542382528865087e-7,1.5120850691924075e-4
TRINITY_DN208075_c4_g1,1233.9072061379497,1.7915403442086744,0.4372833981393128,4.096977730761946,4.1857915203793415e-5,0.020690677349350144
TRINITY_DN208089_c5_g1,349.49123875821306,1.6289349330639762,0.21040950109297882,7.7417365879507445,9.80680031965518e-15,3.066282916136757e-11
TRINITY_DN208114_c6_g3,211.39574804635632,2.1737128253840377,0.27072842334312874,8.02912674828019,9.816889719088473e-16,3.6833250708583356e-12
TRINITY_DN208142_c0_g1,502.9369740199243,1.0135687491238952,0.23840078281098936,4.251532806112806,2.1231240225686125e-5,0.01163822142112301
TRINITY_DN208151_c9_g1,478.68434652707975,1.1515140907946058,0.2506985049555382,4.5932228076064066,4.364526332896155e-6,0.002870554069593936
TRINITY_DN208171_c7_g2,91.9181138495049,1.1802368964510317,0.3050801574190007,3.8686124539724833,1.0945645303543639e-4,0.04617341750415615
TRINITY_DN208175_c7_g3,493.8731512770663,1.7240353216856368,0.25688268179534407,6.711372326216833,1.9280244850961382e-11,3.5998592901513265e-8
TRINITY_DN208183_c2_g1,2598.173018029975,1.0000477296611017,0.19181777663341507,5.213529982532866,1.8528056735193165e-7,1.6789466503040168e-4
TRINITY_DN208247_c2_g2,131.628172871455,1.4863379575800484,0.2665945248069944,5.575275631246019,2.4713824754733556e-8,2.7738839150567228e-5
TRINITY_DN208268_c11_g1,149.47854621539932,1.3351817764432856,0.2877883896539664,4.639456713485536,3.4932629188675244e-6,0.002364632885405166
TRINITY_DN208292_c1_g1,34.09274980355849,2.6161446009663143,0.5687975920662517,4.5994298102823095,4.236489002798404e-6,0.002800368988270919
TRINITY_DN208292_c4_g1,2419.446415894917,1.9899769706025863,0.22446123974495277,8.865570611940509,7.611326086311021e-19,3.998107811921799e-15
TRINITY_DN208331_c4_g1,59.80421106854122,1.5826848462491616,0.393335153298929,4.023756414790478,5.7277158993451225e-5,0.027024049567110207
TRINITY_DN208331_c5_g2,71.32235259503669,1.4448105455559896,0.3720632552312388,3.8832390063835627,1.0307416076149989e-4,0.04394740865376925
TRINITY_DN208353_c4_g1,452.5481524737964,2.010591390529215,0.29301442975436925,6.861748727578609,6.802263803653225e-12,1.3534546741811291e-8
TRINITY_DN208368_c3_g1,113.71899660425811,1.9838967571615431,0.3299767967799748,6.012231091764871,1.829872137169077e-9,2.5473565963800036e-6
TRINITY_DN208395_c3_g2,43.50565584040276,2.209488931444497,0.54028369940969,4.089497672905121,4.323084053230313e-5,0.021209653335775517
TRINITY_DN208413_c3_g1,111.14898519732459,1.5679221810287534,0.32311500780642255,4.852520443643682,1.2190221316604037e-6,9.010311745878567e-4
TRINITY_DN208413_c4_g1,444.4479924706028,1.0600012599833881,0.2612211222280208,4.057869635282056,4.952239736288837e-5,0.023850846249725666
TRINITY_DN208425_c2_g1,1298.0280607226825,1.3000581396433462,0.16621783083032876,7.821412017886425,5.223407329991388e-15,1.6867452638896697e-11
TRINITY_DN208425_c3_g1,334.4080178166645,1.4286876415980123,0.3024014800808576,4.724473045621346,2.307128123624394e-6,0.001628894474852038
TRINITY_DN208475_c9_g1,74.53951126153589,2.6357071016537916,0.3761784461016058,7.006534077026537,2.4429408193445845e-12,5.34682385561917e-9
TRINITY_DN208505_c0_g1,2545.2180877252067,1.446031649370259,0.16138643919693524,8.960056722025499,3.2451143322785784e-19,1.800640813644318e-15
TRINITY_DN208553_c5_g1,183.99357392801272,1.6808475569200714,0.33760479700071094,4.978743109851403,6.399851963072823e-7,5.124603412455404e-4
TRINITY_DN208565_c6_g1,291.06993535618915,1.1989851753743255,0.25179946996713853,4.761666795926143,1.920005111742322e-6,0.001380311996053541
TRINITY_DN208576_c1_g2,41.589846318016185,1.8941198717579166,0.47415136711965766,3.994757799105772,6.476042133856654e-5,0.02977037324598097
TRINITY_DN208607_c11_g1,64.35831664042593,1.4805673010061466,0.3630946259996855,4.077634850501558,4.549614341742596e-5,0.022055858129092738
TRINITY_DN208614_c5_g1,253.7883588256862,1.5691329059352621,0.34762590980055913,4.513854870126077,6.365978826588509e-6,0.00403858311829193
TRINITY_DN208620_c7_g1,650.1014475356976,1.5718563071683351,0.1798235205801146,8.74110517966444,2.308409782873692e-18,1.1227506707287263e-14
TRINITY_DN208634_c4_g1,229.37846432148575,1.5630227841613742,0.3071526869770267,5.088748529418789,3.6043419003844355e-7,3.047161691204192e-4
TRINITY_DN208637_c0_g1,71.81630484371884,2.650269664957797,0.38537315718551435,6.877151704891544,6.106107641260682e-12,1.2399899405535989e-8
TRINITY_DN208648_c3_g1,69.12561523694819,2.2063369348397597,0.5025608785488925,4.390188391126653,1.1325250015082765e-5,0.006639478380494125
TRINITY_DN208667_c8_g3,66.96796174211666,1.7835873296393758,0.41984894248218035,4.248164397163098,2.1552921496722793e-5,0.011793130016129725
TRINITY_DN208679_c9_g1,2642.228078563064,1.1266815821867218,0.16328999969089517,6.899881096941076,5.204608359264923e-12,1.0735199597073752e-8
TRINITY_DN208762_c9_g1,209.3642380596765,2.321513821187357,0.26411386031537465,8.789822004855292,1.4979710553901629e-18,7.565963729418907e-15
TRINITY_DN208769_c4_g1,798.2999908378871,1.8071622184232885,0.2272799816734296,7.95125996190872,1.846240648769022e-15,6.494200934919556e-12
TRINITY_DN208828_c7_g1,1537.594995203943,3.7093938349231013,0.18330102091608394,20.23662397724058,4.660188666195221e-91,2.622774153571811e-86
TRINITY_DN208909_c0_g1,97.93124358472251,1.3220591035295934,0.3225650999326174,4.098580732403371,4.1569124713449225e-5,0.020599618967905152
TRINITY_DN208926_c9_g1,71.30479848853099,1.9103787116423583,0.3594739400321272,5.314373307482658,1.0702501261791677e-7,1.0233955108250569e-4
TRINITY_DN208945_c4_g1,128.07067596420285,1.7622702670748365,0.29132453434575045,6.0491653098579565,1.455982023118571e-9,2.055924895246816e-6
TRINITY_DN208968_c12_g1,142.38297039327193,1.7580092247606303,0.3228952292535706,5.444519043606124,5.194554679817288e-8,5.442719003523559e-5
TRINITY_DN209017_c1_g1,2448.9123638989668,1.5128551053993602,0.22459346291899152,6.735971233254598,1.628385040859541e-11,3.0991471297205184e-8
TRINITY_DN209042_c5_g1,270.1730604288719,1.1229284498341932,0.2895901589286014,3.877647134103931,1.0547154249148567e-4,0.04492095707521424
TRINITY_DN209097_c3_g1,70.25477369475223,2.013308139571213,0.3607568932108371,5.580789106071428,2.3942981433256193e-8,2.7027646975329254e-5
TRINITY_DN209100_c1_g1,3333.5125831127352,4.092761080078129,0.5794764935609773,7.062859538835556,1.6311058128391738e-12,3.6511098826338606e-9
TRINITY_DN209177_c8_g2,286.05155876428523,1.4424819684358736,0.24875224605965573,5.79887012594024,6.676321118883891e-9,8.168395953288368e-6
TRINITY_DN209177_c8_g3,74.9834558721732,1.7202104621322916,0.35272689273337426,4.876890584672817,1.0777117461011113e-6,8.10264413414565e-4
TRINITY_DN209190_c1_g1,4733.7211106331015,3.1108903362187306,0.22942483371986944,13.559518757316246,6.959115861267272e-42,1.0966536648209754e-37
TRINITY_DN209191_c1_g3,277.7714663125481,1.5244312347095803,0.21310167100256436,7.153539564179373,8.45683945753191e-13,2.0070372549443634e-9
TRINITY_DN209213_c1_g2,27.48034177445797,8.205672981699577,1.5320428795064354,5.356033497145409,8.506874457186751e-8,8.399483162347528e-5
TRINITY_DN209251_c1_g1,33.266849453707465,2.096305495374646,0.5212320590921704,4.021827627076086,5.7748313186992375e-5,0.027197517081333417
TRINITY_DN209251_c2_g2,91.6643591333453,2.0193840063239943,0.3630476944973001,5.562310508871754,2.662260442566026e-8,2.946157614423144e-5
TRINITY_DN209273_c1_g1,520.0694594240431,2.481410534762251,0.2510233947122239,9.885176390061048,4.827309037507481e-23,3.457783909715563e-19
TRINITY_DN209280_c7_g1,267.0764003113578,1.4306939908188623,0.26247025272790186,5.450880531981796,5.01210331768277e-8,5.265555358251352e-5
TRINITY_DN209311_c2_g1,53.72821875683837,1.9422447579411646,0.43001194839410684,4.516722768273158,6.28040421053904e-6,0.004003635734622317
TRINITY_DN209348_c0_g1,150.94140604560835,1.2954043336596641,0.26685623182576146,4.854315467159384,1.2080329925533943e-6,8.945870335438212e-4
TRINITY_DN209371_c13_g1,16.086305957277133,4.958643871291359,1.190324207349628,4.1657926812496395,3.102725744645841e-5,0.01614741271516393
TRINITY_DN209410_c0_g1,187.36405504472017,1.1475516759038342,0.2708651625520923,4.236615979299808,2.269137364039599e-5,0.01231344577615885
TRINITY_DN209442_c5_g2,25.023890281837588,2.7191936775538883,0.6200639133193034,4.385344186533288,1.1580252581733324e-5,0.006768829447859653
TRINITY_DN209477_c12_g1,322.1944745294258,1.6444816130265605,0.2276693720583563,7.223113052751981,5.081073784699407e-13,1.2433261313301445e-9
TRINITY_DN209607_c10_g1,138.087212135048,1.4360559732790616,0.2886134463567019,4.975707096835043,6.50098872815501e-7,5.184512190911199e-4
TRINITY_DN209658_c1_g1,228.8034147064371,1.1549614736409135,0.24762045532296878,4.664240973688984,3.097582311384096e-6,0.0021149615600343373
TRINITY_DN209707_c3_g1,1148.0722828769383,1.529066979847786,0.19858446673615443,7.699831739001785,1.3624551623547027e-14,4.1119239265921444e-11
TRINITY_DN209714_c0_g1,171.0885181272239,1.753594044917576,0.2736482900492992,6.408203919716278,1.4724388714516984e-10,2.468452915377555e-7
TRINITY_DN209720_c5_g1,316.50583347079646,3.489952021141758,0.5939013898199239,5.8763156324654195,4.19498130249855e-9,5.400873917896197e-6
TRINITY_DN209753_c0_g1,276.27728507344193,1.4920890409217928,0.22527188276382443,6.623503220266963,3.507842805333358e-11,6.253213914559031e-8
TRINITY_DN209760_c4_g1,130.96698944103272,1.3500272350817577,0.33713634418869304,4.004395427406534,6.217628725755641e-5,0.028716479081885928
TRINITY_DN209796_c0_g1,309.79061610223704,2.5002776719994046,0.21493129340082215,11.63291595392149,2.803540904339358e-31,2.6297413935624918e-27
TRINITY_DN209846_c0_g1,19.98527952779153,7.748959037202812,1.5802840802540823,4.903522812149644,9.413300506760398e-7,7.187000208420245e-4
TRINITY_DN209859_c0_g2,145.61950594273708,1.4099215368898512,0.30939276250572634,4.5570604996416355,5.187448589097271e-6,0.0033612875139910005
TRINITY_DN209948_c5_g1,114.01811164915271,1.6217299975883743,0.3456718926784989,4.691529834902447,2.7116971839230993e-6,0.0018841417242855308
TRINITY_DN209960_c3_g1,1288.422799439275,1.3273727022205037,0.25649931012621013,5.174956227240424,2.2796441946894767e-7,2.0009635796980582e-4
TRINITY_DN209994_c4_g6,62.3565642221778,1.9331732010868228,0.3778300349610544,5.116515422830503,3.112318473328402e-7,2.671325321803654e-4
TRINITY_DN210003_c4_g1,189.75173861025846,2.0075082417453327,0.248509137104603,8.078206963071656,6.572599097414764e-16,2.563723621994864e-12
TRINITY_DN210039_c3_g1,65.8065298988514,1.4809941773842241,0.37784455728849037,3.9195858424221295,8.870126405837689e-5,0.03865599125246719
TRINITY_DN210047_c3_g1,44.96167039225571,1.8820910230680752,0.46453840196346685,4.051529464761216,5.088391669388906e-5,0.024387324175759874
TRINITY_DN210056_c7_g3,3435.2536727128386,1.287785001400378,0.2012378902966183,6.399316746474651,1.560737719624887e-10,2.6053937043922853e-7
TRINITY_DN210115_c4_g1,707.2946134095405,1.0193385170676845,0.21823661180943488,4.670795191586713,3.0003597614415576e-6,0.002055705622081392
TRINITY_DN210124_c4_g1,29.305156704692866,2.177514197235584,0.5510170146521871,3.9518093622028605,7.756251969139358e-5,0.03437206180560235
TRINITY_DN210141_c3_g2,69.77479079183087,1.4140031653995886,0.36290808608126063,3.8963120956279047,9.766851732210962e-5,0.04199712974590165
TRINITY_DN210160_c9_g2,2241.6680811806777,2.2435252937916204,0.15442127400427277,14.528602410892834,7.983262205611003e-48,1.497671394432918e-43
TRINITY_DN210172_c1_g1,129.73595526639508,1.173465133960651,0.28188196213746086,4.16296638870566,3.1413962391537345e-5,0.01632709612883539
TRINITY_DN210190_c6_g1,1488.861626125172,2.1111028325614596,0.16323268777446123,12.93308871736752,2.9281462259039394e-38,4.11993311284212e-34
TRINITY_DN210216_c1_g2,851.0154986341785,1.0358448082675351,0.18359784639979176,5.64192243307659,1.6816186057281698e-8,1.9542640435648582e-5
TRINITY_DN210225_c11_g3,13.123324139667663,7.130436961038288,1.5954322879264233,4.469282096769953,7.848256686422741e-6,0.0048615137562156635
TRINITY_DN210329_c7_g1,61.401069108235944,1.6888789650017493,0.3812987934890519,4.429279593433178,9.454838389311459e-6,0.0056784833024976136
TRINITY_DN210346_c2_g2,328.74639834856765,2.6510827746146295,0.3086736920699207,8.588625602774425,8.801581767552402e-18,4.0794088916355846e-14
TRINITY_DN210391_c1_g1,40.31810990129049,2.222703051667067,0.5575687566707992,3.986419656902332,6.707782720021106e-5,0.030621300159069234
TRINITY_DN210391_c2_g1,46.983407754479074,1.7803199862009027,0.45693579695724074,3.896214737510491,9.770776631317042e-5,0.04199712974590165
TRINITY_DN210391_c3_g1,126.89136647315038,2.140739624327521,0.3307771618213962,6.471848336020907,9.68112704802057e-11,1.651084785809233e-7
TRINITY_DN210410_c1_g1,821.9944904560178,1.8052999122200561,0.21752647782702628,8.299219158302204,1.0479789036421887e-16,4.3921799235700803e-13
TRINITY_DN210428_c4_g4,3675.611239656186,1.9650018143858674,0.15999148464522311,12.2819149953087,1.1328460704209819e-34,1.3946857388789416e-30
TRINITY_DN210428_c8_g1,24.891332010991018,3.134980394767317,0.6611790774220317,4.741499696255896,2.1214197592862687e-6,0.0015140595880936527
TRINITY_DN210483_c5_g1,1089.8609978668649,3.196958366006828,0.1620709832543019,19.72566774023055,1.298316355220366e-86,5.114886062516811e-82
TRINITY_DN210483_c6_g2,1008.2168671065125,3.016719381836722,0.4568009970994947,6.604012252581966,4.0017643032163197e-11,6.975871991982349e-8
TRINITY_DN210532_c8_g1,111.7627673231775,2.5367174914227792,0.325508793938241,7.793084361045166,6.539292940838691e-15,2.077612471654543e-11
TRINITY_DN210555_c3_g1,45.66962550986296,2.857818650011084,0.5345589318949038,5.3461245888843205,8.98573679277924e-8,8.806089114660914e-5
TRINITY_DN210555_c4_g1,58.14748748567622,2.4255633418655043,0.41362017812281904,5.86422875420083,4.512250546601395e-9,5.752944213885843e-6
TRINITY_DN210565_c0_g1,251.65841607020292,1.605983841602553,0.2640373913534551,6.082410651651583,1.1838887350125295e-9,1.711379335911744e-6
TRINITY_DN210567_c3_g1,35.503343055436915,8.564522880035655,1.532361306962829,5.5891015004879705,2.282475173431514e-8,2.583938984915516e-5
TRINITY_DN210574_c3_g1,152.69427559711326,4.38125513792724,0.7210672851446183,6.0760697762741085,1.2316383385150954e-9,1.764436126386991e-6
TRINITY_DN210614_c3_g1,843.7933716783386,3.0044521244928624,0.19474598858078196,15.42754305948949,1.0686150357084592e-53,2.8066319020854118e-49
TRINITY_DN210614_c3_g2,2148.889627426965,3.190493976100022,0.15746832400786837,20.26117948610795,2.8309915133550085e-91,1.8588431826264653e-86
TRINITY_DN210618_c1_g1,1198.0218883972673,1.1797105226652846,0.22646447228644306,5.209252077178492,1.8960337195486985e-7,1.7132273675563394e-4
TRINITY_DN210666_c0_g2,259.5641189037978,1.1968398226709072,0.22248573875589409,5.379400178022424,7.47344190364639e-8,7.530075684619547e-5
TRINITY_DN210755_c11_g1,1259.368151899785,1.8182008419894176,0.19646635192815218,9.254515209069156,2.1520476342562024e-20,1.2845865789916307e-16
TRINITY_DN210776_c2_g2,852.3913510893922,1.5478100522827813,0.2008967087063351,7.704506769920878,1.3134961617323456e-14,4.01756489104762e-11
TRINITY_DN210779_c3_g1,787.9515562059769,1.2886083429076076,0.1634967978484106,7.8815509530796275,3.233422103123389e-15,1.098145406907586e-11
TRINITY_DN210814_c2_g1,352.7947099496165,1.262441749507768,0.19389545681458498,6.510940329638534,7.468180842021741e-11,1.2904328636251804e-7
TRINITY_DN210826_c0_g1,190.93462621102958,1.09643478058349,0.2374627510637514,4.617291662257931,3.8878067229418455e-6,0.0026004278437866523
TRINITY_DN210826_c1_g1,106.50559208445057,1.3655643731611151,0.2981043305556783,4.580827023262792,4.631407946024927e-6,0.00302587623323353
TRINITY_DN210826_c2_g1,19567.67754947331,1.513718976088439,0.26727285354232055,5.663571724648622,1.4825415919812172e-8,1.733135113358149e-5
TRINITY_DN210898_c10_g1,741.5778848806054,1.924191416177946,0.1994744969074801,9.64630289089247,5.095990027395753e-22,3.2381153534885694e-18
TRINITY_DN210912_c1_g1,742.9080515627721,1.064517383471092,0.18856307145125828,5.6454181366379546,1.6478026546035133e-8,1.920630997679183e-5
TRINITY_DN210931_c3_g2,160.77313528596943,2.073036119594694,0.36018124684198216,5.7555359635482946,8.636733188211906e-9,1.0437280113581371e-5
TRINITY_DN210957_c2_g4,5418.005697372285,1.667391906037061,0.19461700039587077,8.567555263134343,1.0570513697659292e-17,4.8423154510127296e-14
TRINITY_DN210993_c2_g1,924.2962710447639,2.2007786563809923,0.20705473622400966,10.628970370424177,2.1851150398816174e-26,1.6554893778016954e-22
TRINITY_DN211008_c13_g2,49.12279645851116,2.0307019528479584,0.43936872986061165,4.621862719935013,3.8030966246412654e-6,0.0025567907091016157
TRINITY_DN211008_c14_g2,9544.283869895895,1.829542662007119,0.20337882171539276,8.995738329959307,2.3464965308755756e-19,1.3397576997004846e-15
TRINITY_DN211043_c6_g1,167.0022031304074,1.1992702323180164,0.2940485007592436,4.078477629443641,4.533156325901632e-5,0.02204809710643438
TRINITY_DN211048_c3_g1,1451.930982169452,1.1172632833062104,0.225510776946488,4.954367584708949,7.256591268634272e-7,5.70624444304384e-4
TRINITY_DN211097_c7_g1,85.24630700947226,3.2541060652191347,0.40818341159640387,7.9721663663213,1.5591671580596315e-15,5.584128828096787e-12
TRINITY_DN211097_c8_g1,936.1514902613661,4.040281532840068,0.45421140080313077,8.895156585008863,5.83369844074424e-19,3.1483032038505797e-15
TRINITY_DN211155_c10_g1,100.17818309645165,1.8150209039929652,0.32603266665965797,5.56699094783544,2.591758534125351e-8,2.8843417157616547e-5
TRINITY_DN211200_c0_g1,63.919173258480804,1.4663851989053613,0.37356462747178104,3.9253855720483912,8.659092563017134e-5,0.03781997875170642
TRINITY_DN211200_c3_g1,2188.775150763778,2.040893663236107,0.18961498336915658,10.763356497322487,5.126812377825645e-27,4.0395487696106497e-23
TRINITY_DN211293_c1_g2,353.4251017810326,1.40451244053231,0.23471039491218065,5.9840231663272645,2.1769233147585505e-9,3.0198142248317705e-6
TRINITY_DN211296_c3_g2,363.4072212597696,1.040749992167056,0.21108380907777505,4.930506023716796,8.201688745720688e-7,6.360554927815668e-4
TRINITY_DN211362_c11_g1,935.6804143285781,1.629206098391371,0.21054816684215946,7.737925828690446,1.0105176657282161e-14,3.134697410577049e-11
TRINITY_DN211363_c0_g1,438.0969668084742,1.1913339093812392,0.26346080297669844,4.521863958209395,6.129745225797252e-6,0.003933050192818832
TRINITY_DN211365_c1_g1,51.81036185495686,1.667597519391421,0.42106669862894053,3.9604117941917067,7.482062657715535e-5,0.033458068681289276
TRINITY_DN211382_c11_g1,511.3058694341878,1.0153880694734843,0.2619208708000656,3.8766978224067126,1.0588372590673732e-4,0.04504780810949888
TRINITY_DN211383_c2_g2,3643.0529777069764,1.2709958269670434,0.16308411898743747,7.793498440304598,6.51788863379425e-15,2.077612471654543e-11
TRINITY_DN211441_c10_g5,178.041364552678,1.3040785787761746,0.2676236969261494,4.872806831960155,1.1002378859791468e-6,8.240551678212977e-4
TRINITY_DN211481_c7_g1,386.01891186519225,1.0954888080317933,0.1849794261483516,5.922219734605633,3.176248246953555e-9,4.270731358752776e-6
TRINITY_DN211496_c8_g1,210.53940432753205,1.9128033121779309,0.3689707707233159,5.18415946181359,2.169912228603362e-7,1.921045238915205e-4
TRINITY_DN211533_c4_g1,114.07299398279693,1.2505581524496718,0.2900848186401399,4.311008615728463,1.6251157270647308e-5,0.009159305682140236
TRINITY_DN211533_c5_g1,64.39833790361986,1.535473538817853,0.36334853425524394,4.225897159500356,2.3799067027456695e-5,0.01282619951209018
TRINITY_DN211553_c3_g1,143.30710178382003,1.8038139653571583,0.2863212683147485,6.299964986793275,2.9771288716278373e-10,4.7677992750126733e-7
TRINITY_DN211558_c6_g2,932.3234556275918,1.1515126356242418,0.19939293123901014,5.7750925695752775,7.69107894100625e-9,9.323078562571215e-6
TRINITY_DN211561_c0_g1,666.6218192621831,3.8588311038842162,0.2542350635590107,15.178201817895744,4.9311557505512936e-52,1.079273840530244e-47
TRINITY_DN211590_c3_g1,5247.4091643195225,1.2978116325736175,0.20199899797377213,6.424841932840318,1.3200661438518964e-10,2.232005228456329e-7
TRINITY_DN211627_c7_g4,359.11133483402403,1.144037007049906,0.2399247129658774,4.768316664455543,1.8577162150056614e-6,0.0013478295639268423
TRINITY_DN211643_c5_g1,600.3192947898096,4.710817135197071,0.24700228039630048,19.071958071151588,4.318288650751255e-81,1.417704959763264e-76
TRINITY_DN211655_c0_g1,2585.6937690661457,2.8168259388551045,0.1650205477776355,17.06954665215853,2.5013464089130525e-65,7.038842394961522e-61
TRINITY_DN211663_c5_g1,665.016561457453,2.0988498818168586,0.19090266581303317,10.994345589036648,4.068540039518823e-28,3.484465738236856e-24
TRINITY_DN211663_c7_g2,2668.0097175084597,2.051380593878215,0.16671253485270515,12.304897143401142,8.524495275518136e-35,1.0833341071706295e-30
TRINITY_DN211663_c7_g3,117.63675423522608,2.283998300031111,0.3830603616760981,5.962502332628133,2.4840410452204747e-9,3.3862292813086293e-6
TRINITY_DN211673_c6_g1,181.40193527863883,2.4353209544422745,0.27162530261299106,8.965736737391122,3.0821343961472165e-19,1.7346384472990655e-15
TRINITY_DN211718_c10_g1,351.461537528967,1.8099313578729976,0.2386363414625883,7.584474966302421,3.338361160996699e-14,9.505974751076482e-11
TRINITY_DN211726_c1_g1,446.0910556510062,1.7585026132339348,0.18909870040484333,9.299390262699525,1.4125338438676186e-20,8.561324165101826e-17
TRINITY_DN211772_c2_g1,75.13603599948168,1.6903729512867327,0.4121671548537382,4.101183054934542,4.110432238149343e-5,0.020446442119167043
TRINITY_DN211772_c2_g3,265.3092611462581,1.3396576207741206,0.2745223087765183,4.879959034093299,1.0610787872749737e-6,8.008156748490621e-4
TRINITY_DN211806_c6_g2,347.42983569488126,1.6753799103151492,0.2421815969995581,6.917866308058932,4.584966649372817e-12,9.744570544683861e-9
TRINITY_DN211820_c1_g2,9.498076937812568,6.662078567989499,1.6565384477686758,4.0216866544589935,5.778289280230903e-5,0.027197517081333417
TRINITY_DN211824_c1_g1,3651.300232092325,3.9917488576184104,0.20677677952260684,19.304628241305952,4.9107424603542695e-83,1.7587734835532266e-78
TRINITY_DN211824_c2_g1,2649.383432555952,3.986576999712607,0.4865840498497546,8.192987421070553,2.5482081528725987e-16,1.0243874780919874e-12
TRINITY_DN211894_c7_g1,543.7619816731433,1.3233028318462439,0.1800325941253707,7.350351408727272,1.9768643372794344e-13,5.157691423229257e-10
TRINITY_DN211912_c10_g1,67.95317457572666,2.468685614337878,0.5120485231989527,4.821194676854265,1.4270100781590967e-6,0.0010488603944436422
TRINITY_DN211912_c10_g2,2168.5298586248227,3.7392953578273844,0.7020293837125787,5.3264086156232855,1.0017364224762788e-7,9.672722701177015e-5
TRINITY_DN211919_c1_g1,50.654031615525874,1.8253522869238603,0.4129868588778108,4.41987982834079,9.875580248447722e-6,0.005868194904101372
TRINITY_DN211959_c1_g2,10.557028535937508,6.813486890854514,1.6403033567658085,4.153796834439629,3.2700353704228465e-5,0.016796257426830455
TRINITY_DN211986_c1_g1,518.2561261530367,1.3469229161362626,0.18863695897429497,7.140291719396324,9.31330520158007e-13,2.1710637024438394e-09
TRINITY_DN211989_c5_g1,933.3568340246662,1.01874986599978,0.15379204456988582,6.624203929721749,3.491245082527169e-11,6.251915392943868e-8
TRINITY_DN212007_c3_g1,501.71517440219935,2.283418001327049,0.19497221555326838,11.711504610272,1.1128700466846807e-31,1.0960740555050922e-27
TRINITY_DN212013_c1_g1,1139.8428235919407,1.738421591241515,0.17876253120268173,9.724753725211494,2.3647693447690143e-22,1.5527193756220586e-18
TRINITY_DN212018_c1_g3,5892.730097424403,1.5573895723582498,0.231966522522889,6.713854893455914,1.8954881180794395e-11,3.555962787918715e-8
TRINITY_DN212027_c5_g1,412.2011178533396,2.3867087842865424,0.58400755035834,4.086777273379576,4.374066618241632e-5,0.021406464684749417
TRINITY_DN212041_c0_g2,212.63839638916366,3.898633431461414,0.886937843468378,4.3956106509287896,1.1046177632015886e-5,0.006500659106971087
TRINITY_DN212058_c9_g1,958.2804747669733,1.4279876109608356,0.16571659514200104,8.617046528968363,6.870322116992501e-18,3.261027364068333e-14
TRINITY_DN212086_c0_g2,57.10418476245606,2.488838038470747,0.42507164098891975,5.855102525025006,4.767158383961106e-9,6.058335543291836e-6
TRINITY_DN212086_c1_g1,187.854423554402,3.149158305566254,0.2713267148001116,11.606517654873247,3.818521747080644e-31,3.498502983825888e-27
TRINITY_DN212169_c8_g1,2828.5313035436297,3.262337630203113,0.6710067176652778,4.861855394762954,1.162905651516525e-6,8.644184890347258e-4
TRINITY_DN212194_c5_g1,918.4620126032114,3.8343734209087508,0.1842464912815485,20.811106872311697,3.433260440472974e-96,2.705155165820109e-91
TRINITY_DN212242_c7_g1,185.76470625187764,1.3562137671019268,0.2769493180827021,4.896974567371697,9.732342853738685e-7,7.416214676378054e-4
TRINITY_DN212257_c4_g1,4937.058188160983,3.385769640561117,0.8164801120940962,4.146787644193004,3.371725136497717e-5,0.017206411268783032
TRINITY_DN212259_c6_g2,79.94037844143868,2.15196301129398,0.39150704868036634,5.496613709887207,3.871534882505117e-8,4.1336995539947434e-5
TRINITY_DN212266_c8_g2,159.46656773673573,1.00569434691498,0.24373015589673808,4.1262614517879586,3.6870807708123324e-5,0.018646641870494723
TRINITY_DN212298_c0_g1,81.12667274866622,2.3101673286848716,0.38680753126958395,5.972394904262631,2.3379575655836705e-9,3.2205201972379004e-6
TRINITY_DN212326_c2_g1,2782.524118788363,1.0961021332531788,0.15729123611062074,6.96861541912167,3.2007533290730603e-12,6.853143390117445e-9
TRINITY_DN212332_c7_g1,722.2372162099215,1.7756712609876792,0.22544799756940315,7.876189986744269,3.375149076581483e-15,1.1257928667578415e-11
TRINITY_DN212383_c0_g1,1704.6373329858816,1.0586481024303502,0.15362893686170057,6.890942058548277,5.542411174994586e-12,1.1372421529866624e-8
TRINITY_DN212401_c4_g2,1193.3193154015505,1.0956127956321344,0.20721869167191162,5.287229577565392,1.2418274689558292e-7,1.1648430360767746e-4
TRINITY_DN212419_c8_g2,207.49522748965794,1.2102128092456856,0.24231174401600195,4.994445540228396,5.900503839809685e-7,4.8028516409978167e-4
TRINITY_DN212419_c9_g1,1436.033913580766,2.923805253180995,0.16323442444422845,17.911695177875657,9.557979972143983e-72,2.8965311259736614e-67
TRINITY_DN212451_c10_g1,179.53795172813182,1.4248967852215202,0.2421285020330017,5.884878373498173,3.983468216042833e-9,5.1964870489963e-6
TRINITY_DN212493_c1_g1,655.85840532643,2.1664275457906523,0.19915222076255268,10.878249499279566,1.4634632968282103e-27,1.2267029591666641e-23
TRINITY_DN212514_c2_g1,655.2155454014301,1.520851230339568,0.24399580294717108,6.233104061502469,4.572821835758471e-10,7.092608696381553e-7
TRINITY_DN212540_c0_g1,489.8976827249282,1.659059237234252,0.22914806072674057,7.240119039072658,4.4829109597675014e-13,1.110755377637034e-9
TRINITY_DN212568_c10_g2,214.17731268022771,3.358615090752133,0.6593145073815636,5.09410160575825,3.5039882091638914e-7,2.968691842681364e-4
TRINITY_DN212568_c6_g1,24.37970811653672,2.9600319598628335,0.6578867547595121,4.499303167981945,6.817657175194035e-6,0.004276918270240394
TRINITY_DN212584_c6_g1,618.383343239862,1.2093180369555279,0.2583114405793254,4.681627860706989,2.8460579346275547e-6,0.0019636453977227237
TRINITY_DN212686_c12_g1,67.25669341631291,2.5732934108762975,0.5172263956669607,4.975178050528626,6.51876937941389e-7,5.188189779842493e-4
TRINITY_DN212690_c2_g1,87.81898162348718,1.514204661831447,0.3349093669270251,4.52123712073238,6.147927404167283e-6,0.003938302315330009
TRINITY_DN212704_c3_g1,318.5926790676564,2.76552062132398,0.23258122639878467,11.890558254182594,1.3251785484424747e-32,1.3738718854737967e-28
TRINITY_DN212733_c1_g1,415.93140042038317,1.5247177333377486,0.214540031778828,7.106914829348022,1.1866561152171592e-12,2.702304064273397e-9
TRINITY_DN212733_c2_g1,333.2047871217792,1.563980327305425,0.21931207903523364,7.1313004472232615,9.94250224920678e-13,2.3041047138848534e-9
TRINITY_DN212733_c2_g2,1091.4652413011156,2.308890221561402,0.5832994018882179,3.9583277714450187,7.547633575321417e-5,0.03371302002533278
TRINITY_DN212806_c6_g1,1729.424498768093,1.4441843755714556,0.2114163196810178,6.830997615275975,8.43261354705363e-12,1.644622639028658e-8
TRINITY_DN212849_c8_g2,44.66160976090768,3.306627201529751,0.6162592301435903,5.365643287418667,8.066121563365661e-8,8.044945441691711e-5
TRINITY_DN212925_c7_g1,738.7350201108928,1.026549090051037,0.20708303245000984,4.957185907053238,7.152153402453887e-7,5.657999620262933e-4
TRINITY_DN212977_c0_g1,46.940966563335635,2.06318530607604,0.4800120887146972,4.29819447172783,1.7219505216146823e-5,0.009632550308908347
TRINITY_DN212991_c3_g1,106.10193502074276,1.1598957324917374,0.2887365308002381,4.017142303667177,5.8908154318300765e-5,0.027529813997272508
TRINITY_DN212991_c3_g2,856.2117210518684,3.5412477214210307,0.25948563199777785,13.64718228965894,2.0983645028377092e-42,3.444491560964385e-38
TRINITY_DN212991_c3_g3,33848.16414763872,3.853142695408671,0.17613022264626102,21.876669645432187,4.3335700232064303e-106,4.268165617631187e-101
TRINITY_DN212999_c0_g1,52.02786585795404,2.5026479418033483,0.47579782785386315,5.25989778703238,1.4413549927531554e-7,1.3298373232084574e-4
TRINITY_DN213010_c2_g1,632.3720309864304,1.2264991093308921,0.20335944682203697,6.031188265397971,1.6275844043384964e-9,2.273787357043997e-6
TRINITY_DN213015_c9_g2,55.68332299860764,3.4953251708883313,0.5093857424366115,6.861843353072045,6.797758393286208e-12,1.3534546741811291e-8
TRINITY_DN213034_c5_g1,2500.3679353436446,2.001132566812907,0.20880925148774301,9.583543605252435,9.377121559450394e-22,5.863871334802787e-18
TRINITY_DN213058_c2_g1,330.19024188189854,1.1335104370857196,0.19108221564415195,5.932056174168664,2.991642265171023e-9,4.05015931860334e-6
TRINITY_DN213058_c2_g2,227.55027015131145,1.2096030389945571,0.23708931018492752,5.10188771501793,3.3628225732597277e-7,2.867592358071693e-4
TRINITY_DN213120_c9_g2,89.53389899562129,1.8899637025410267,0.32065094723108667,5.894146637835965,3.766226115686321e-9,4.929414415993788e-6
TRINITY_DN213124_c8_g2,3236.4977154681405,1.084011492201407,0.15149985921486317,7.155198016811478,8.355222621467437e-13,1.994938527043137e-9
TRINITY_DN213162_c9_g3,641.6359342399368,1.108662193068457,0.2593637274791524,4.274546035576895,1.9152713062292486e-5,0.010612461738621567
TRINITY_DN213197_c7_g1,33.73123446096368,2.411132112443483,0.5339448899575304,4.515694705188137,6.310953026105231e-6,0.004016610641394984
TRINITY_DN213223_c17_g1,60.757895768831744,3.6167150597239677,0.4765330926805625,7.589640919541308,3.207932245037265e-14,9.224865774099388e-11
TRINITY_DN213231_c4_g1,195.11896553418336,5.749491144014785,0.47940535429763725,11.992963976045274,3.8681192558818236e-33,4.233044073347141e-29
TRINITY_DN213308_c10_g1,28.53837154067972,2.492821699037835,0.5706837490603489,4.368131566988467,1.2531399852714677e-5,0.007260158647316224
TRINITY_DN213433_c5_g1,881.4636872018262,1.119900505355736,0.162539191751307,6.890033679195596,5.5779180602105125e-12,1.1385975817381939e-8
TRINITY_DN213433_c6_g1,711.726304164448,1.592244378090181,0.2104257324124168,7.566775982366622,3.826008469747943e-14,1.0766469819766493e-10
TRINITY_DN213475_c1_g3,1613.0860426454487,1.076017250612707,0.2422019967474813,4.442644012281029,8.886011866332167e-6,0.005385784450608953
TRINITY_DN213539_c9_g4,670.7136743624426,1.015176347622422,0.2283814242209658,4.445091587835133,8.78544314002462e-6,0.005341264715699876
TRINITY_DN213544_c7_g1,2945.022221893999,1.8668932911153688,0.2461662763011876,7.583871028829314,3.353945650732762e-14,9.505974751076482e-11
TRINITY_DN213583_c5_g1,501.4291067179074,1.0394218397609365,0.20816683561273827,4.993215353931871,5.938227977974639e-7,4.823591977086232e-4
TRINITY_DN213608_c6_g1,106.16038407890886,1.334586356252169,0.3361605420100813,3.9700862816081055,7.184660936888623e-5,0.03234846373347946
TRINITY_DN213609_c4_g1,153.69074610457727,1.484626416317321,0.3333553636234533,4.453584907649195,8.444829017829107e-6,0.005174106025429251
TRINITY_DN213645_c7_g3,173.29036398384227,1.2424994791430166,0.27637533854493557,4.49569591007846,6.934277839073936e-6,0.004329396038534208
TRINITY_DN213670_c3_g10,160.28795260472634,1.487853314835472,0.27565538325801775,5.397512275110615,6.757125214384931e-8,6.89652155656666e-5
TRINITY_DN213709_c4_g1,11413.683122123064,1.2933010776698053,0.19568752369390535,6.609011413996879,3.868948934649159e-11,6.804565755094584e-8
TRINITY_DN213717_c5_g1,613.8579877925156,1.4556052073559653,0.207325051703889,7.0208843330468635,2.2046831792190748e-12,4.8523106108082926e-9
TRINITY_DN213745_c4_g1,79.19854264723304,1.8397119145013832,0.4563619314224227,4.031256307394512,5.547950126530841e-5,0.026301890200944283
TRINITY_DN213775_c5_g2,6268.66422937696,1.6495448843591698,0.16927441940770754,9.744797176861924,1.9416620962166077e-22,1.342005305985585e-18
TRINITY_DN213806_c4_g1,1445.8454218729364,1.9261424160903307,0.24500976273959385,7.861492515861548,3.795831156976758e-15,1.2461808584133623e-11
TRINITY_DN213881_c8_g4,191.7144115620815,3.4858027487072305,0.32276407700164816,10.79984730980279,3.447764366932596e-27,2.772023659775237e-23
TRINITY_DN213892_c6_g1,755.1009065932091,1.1955852872594352,0.23352051842050364,5.11982970638378,3.0581167823378253e-7,2.6305346330134425e-4
TRINITY_DN213900_c1_g2,4094.856726653682,1.1407859862159047,0.2322392663363383,4.912115010576085,9.009917414341623e-7,6.91924774718571e-4
TRINITY_DN214038_c8_g1,7534.688972519298,1.4409141887590797,0.23059484872567365,6.248683336691784,4.13927156361823e-10,6.47111048816559e-7
TRINITY_DN214318_c2_g3,2248.8885395984207,3.2788603783818604,0.46586859093930433,7.038165787847772,1.947868483778176e-12,4.311169165588211e-9
TRINITY_DN70627_c0_g1,602.9991539242228,1.318381691922529,0.2116000245982585,6.230536572127504,4.6484029366287344e-10,7.181563788717907e-7
